﻿<?xml version="1.0" encoding="UTF-8" standalone="yes"?>
<Picture>
	<PictureVariant name="_parameters.svg" screenDensity="ldpi" isTemplate="true"/>

	<PictureVariant name="parameters.png" interfaceVariant="version8_2" screenDensity="ldpi"/>
	<PictureVariant name="parameters.png" interfaceVariant="version8_2_OrdinaryApp" screenDensity="ldpi"/>
	<PictureVariant name="parameters_old.png" interfaceVariant="version8_0" screenDensity="ldpi"/>

	<PictureVariant name="h.png" interfaceVariant="taxiMobile" screenDensity="hdpi" isTemplate="true"/>
	<PictureVariant name="l.png" interfaceVariant="taxiMobile" screenDensity="ldpi" isTemplate="true"/>
	<PictureVariant name="m.png" interfaceVariant="taxiMobile" screenDensity="mdpi" isTemplate="true"/>
	<PictureVariant name="x.png" interfaceVariant="taxiMobile" screenDensity="xdpi" isTemplate="true"/>
</Picture>
